index,title
0,$100M Offers: How To Make Offers So Good People Feel Stupid Saying No
1,10 Steps to Earning Awesome Grades (While Studying Less)
2,"15 Secrets Successful People Know About Time Management: The Productivity Habits of 7 Billionaires, 13 Olympic Athletes, 29 Straight-A Students, and 239 Entrepreneurs"
3,23 Anti-Procrastination Habits: How to Stop Being Lazy and Overcome Your Procrastination (Productive Habits Book 1)
4,5/3/1: The Simplest and Most Effective Training System for Raw Strength
5,"59 Seconds: Think a Little, Change a Lot"
6,"60 Days to LinkedIn Mastery: The Entrepreneur, Executive, and Employee’s Guide to Optimize Your Profile, Make Meaningful Connections, and Create Compelling Content . . . In Just 15 Minutes a Day"
7,80/20 Your Life! How To Get More Done With Less Effort And Change Your Life In The Process!
8,A BiggerPockets Guide: How to Rent Your House
9,A Complete Guide To Volume Price Analysis: Read the book then read the market
10,A Guide to the Good Life: The Ancient Art of Stoic Joy
11,"A Hacker's Mind: How the Powerful Bend Society's Rules, and How to Bend them Back"
12,A Journal for Jordan: A Story of Love and Honor
13,"A Philosophy of Software Design, 2nd Edition"
14,A Programmer's Guide to Computer Science: A virtual degree for the self-taught developer
15,A Return to Self: Depersonalization and How to Overcome It
16,A Series of Unfortunate Events #6: The Ersatz Elevator
17,A Series of Unfortunate Events #8: The Hostile Hospital
18,"A Software Engineer Learns HTML5, JavaScript and jQuery: A guide to standards-based web applications"
19,A Trader's First Book on Commodities
20,A Trader's First Book on Commodities: Everything you need to know about futures and options trading before placing a trade
21,A Word From One Investor To Another: Based On Techniques And Wisdom Provided By The World's Most Famous And Successful Investor Warren Buffett
22,"Addiction, Procrastination, and Laziness: A Proactive Guide to the Psychology of Motivation"
23,Administering and Developing SQL Server 2017 for Linux
24,"Adolescent Depression, second edition: A Guide for Parents (A Johns Hopkins Press Health Book)"
25,Aging Backwards: Reverse the Aging Process and Look 10 Years Younger in 30 Minutes a Day
26,Ahead in the Cloud: Best Practices for Navigating the Future of Enterprise IT
27,Alan Ellman's Selling Cash-Secured Puts: Investing to Generate Monthly Cash Flow
28,Algorithms
29,"ALL GAIN, NO PAIN: The Over-40 Man's Comeback Guide to Rebuild Your Body After Pain, Injury, or Physical Therapy"
30,"An Astronaut's Guide to Life on Earth: What Going to Space Taught Me About Ingenuity, Determination, and Being Prepared for Anything"
31,An Introduction to Functional Programming Through Lambda Calculus (Dover Books on Mathematics)
32,An Introduction to Philosophy
33,Anger Management For Dummies
34,Apartment Syndication Made Easy: A Step by Step Blueprint for Commercial Real Estate Investing
35,API Documentation: What is it? How to Write it: A Comprehensive Guide to Writing Effective and Accessible API Documentation (Technical Communication)
36,As a Man Thinketh
37,Atomic Habits: An Easy & Proven Way to Build Good Habits & Break Bad Ones
38,Attachment-Based Family Therapy for Depressed Adolescents
39,Attacking Problems in Logarithms and Exponential Functions (Dover Books on Mathematics)
40,Autism Spectrum Disorder (revised): The Complete Guide to Understanding Autism
41,Awesome Things to Build: Unofficial Minecraft Guide
42,"Basic Algebra For Kids: Simple Step by Step Guide For Learning, Homework and Revision"
43,Become a VLOOKUP KnowItAll: Mastering the Key Microsoft Excel Function for Data Analysis
44,Becoming a GovCon Expert: How to Accelerate Your Success in Government Contracting
45,Becoming The 1%: How To Master Time Management And Rise To The Top In 7 Days
46,Better: A Surgeon's Notes on Performance
47,Beyond 5/3/1: Simple Training for Extraordinary Results
48,"Beyond Bigger Leaner Stronger: The Advanced Guide to Building Muscle, Staying Lean, and Getting Strong (Muscle for Life Book 5)"
49,Big Debt Crises
50,Bigger Leaner Stronger: The Simple Science of Building the Ultimate Male Body (Muscle for Life Book 1)
51,Bitcoin: A Simple Introduction
52,Body by Science: A Research Based Program to Get the Results You Want in 12 Minutes a Week
53,"Break The System: Escape the Rat Race, Start a Business, Travel the World"
54,Breville Health Full Life: Juice Recipes for the Juice Fountain Plus
55,Brother Iron Sister Steel
56,Buddha in Blue Jeans: An Extremely Short Zen Guide to Sitting Quietly and Being Buddha
57,"Build a Smart Raspberry Pi VPN Server: Auto Configuring, Plug-n-Play, Use from Anywhere (3rd Edition, Rev 3.0)"
58,Build Your Own VPN Server: A Step by Step Guide
59,"Building Scalable Web Sites: Building, Scaling, and Optimizing the Next Generation of Web Applications"
60,Business Process driven Database Design: with Oracle PL/SQL
61,But How Do It Know? - The Basic Principles of Computers for Everyone
62,Buy Then Build: How Acquisition Entrepreneurs Outsmart the Startup Game
63,C# Smorgasbord
64,California Tenants' Rights
65,Can't Hurt Me: Master Your Mind and Defy the Odds
66,Cardio Sucks: The Simple Science of Losing Fat Fast...Not Muscle (Muscle for Life Book 6)
67,Career Guide for the High-Tech Professional: Where the Jobs Are Now and How to Land Them
68,CCNA Success: Mastering Binary Math And Subnetting
69,"Chasing the Scream: The Inspiration for the Feature Film The United States vs. Billie Holiday"" (The Opposite of Addiction is Connection)"""
70,Child and Adolescent Clinical Psychopharmacology Made Simple
71,Choice: The Most Underutilized Asset In Wrestling
72,Choose Yourself!
73,"Cognitive Behavioral Therapy: 21 Great Ways To Deal With Anxiety, Depression, Worry And Panic (Cognitive Behavioral Therapy Series Book 1)"
74,"Cognitive Behavioral Therapy: Rewire Your Brain by Overcoming Anxiety, Depression, Phobias, and Eliminating Negative Thoughts (Emotional Intelligence 2.0 Book 3)"
75,Cognitive Behavioural Therapy For Dummies
76,Combatives for Street Survival
77,"Command Line Kung Fu: Bash Scripting Tricks, Linux Shell Programming Tips, and Bash One-liners"
78,CompTIA Security+ Get Certified Get Ahead: SY0-601 Study Guide
79,"Computer Networks, MobiPocket"
80,Crush It!: Why NOW Is the Time to Cash In on Your Passion
81,Cure Tight Shoulders Anywhere (Simple Strength Book 10)
82,Cut Your Grocery Bill in Half with America's Cheapest Family: Includes So Many Innovative Strategies You Won't Have to Cut Coupons
83,Daily Rituals: How Artists Work
84,Dash Diet Breakfast Recipes: Lose 5 Pounds In a Week With the Dash Diet
85,Dash Diet for Beginners: Weight Loss Plan with Delicious Recipes (Healthy Eating)
86,DBA 911: It's a Database Emergency
87,DBT Made Simple: A Step-by-Step Guide to Dialectical Behavior Therapy (The New Harbinger Made Simple Series)
88,"Debt-Free U: How I Paid for an Outstanding College Education Without Loans, Scholarships, orM ooching off My Parents"
89,"Decide: Work Smarter, Reduce Your Stress, and Lead by Example"
90,Definitive Guide to sed: Tutorial and Reference
91,Depersonalization: How I Recovered and How You Can Too
92,DIALECTICAL BEHAVIOR THERAPY: Master Your Emotions and Overcome Anxiety with DBT
93,Diary of a Professional Commodity Trader: Lessons from 21 Weeks of Real Trading
94,"Dirt Rich: How One Ambitiously Lazy Geek Created Passive Income in Real Estate Without Renters, Renovations, and Rehabs"
95,Disregarded Entity: Lessons Learned by a 15 Year Freelancer
96,Dive Into Python
97,Do It Tomorrow and Other Secrets of Time Management
98,Docker Deep Dive
99,DOG TRAINING: TRAINING YOUR PUPPY STEP BY STEP TO BECOME THE PERFECT DOG
100,Dominate: Become a Point Scorer and Get the Little Voices to Talk (The Wrestling Writing Singles Series Book 6)
101,Drive: The Surprising Truth About What Motivates Us
102,DSM-5 Insanely Simplified: Unlocking the Spectrums within DSM-5 and ICD-10
103,Dynamic Trading with Weekly Options
104,Effective Notetaking (Study Skills Book 1)
105,"Ego, Attachment and Liberation: Overcoming Your Mental Bureaucracy"
106,Elon Musk
107,"Enemies and Neighbors: Arabs and Jews in Palestine and Israel, 1917-2017"
108,Escape From Cubicle Nation: From Corporate Prisoner to Thriving Entrepreneur
109,Essentialism: The Disciplined Pursuit of Less
110,EXCEL PIVOT TABLES and PIVOT CHARTS NINJA: Step-by-Step Tutorial on How to Create Amazing Pivot Tables and Pivot Charts in Microsoft Excel! (Excel Ninjas Book 5)
111,"Excel Shortcuts: The 100 Top Best Powerful Excel Keyboard Shortcuts in 1 Day! (Excel, Microsoft, Apple, Microsoft Excel, Excel Formulas, Excel Spreadsheets, Excel Shortcuts, Office 2010, Office)"
112,Excel University: Microsoft Excel Training for CPAs and Accounting Professionals: Volume 1: Featuring Excel 2016 for Windows
113,Excel Vlookup Champion: Master the use of Vlookup in Excel and Learn to perform Vlookups in every possible way! (Excel Champions Book 1)
114,"Excuses Begone!: How to Change Lifelong, Self-Defeating Thinking Habits"
115,Existentialism For Dummies
116,Fat Loss 101: Intermittent Fasting Simplified
117,Fat Loss Happens on Monday: Habit-Based Diet & Workout Hacks
118,"Finding College Cash: Proven Ideas to Find Scholarships, Grants, and Other Resources to Finish College Debt-Free or Better! (The Simple Pathways Series ™ Book 1)"
119,Forex Trading Money Management System: Crush the Forex Market with Bigger Profits and Smaller Losses!
120,Founder’s Pocket Guide: Cap Tables
121,Founder’s Pocket Guide: Founder Equity Splits
122,Founder’s Pocket Guide: Startup Valuation
123,Founder’s Pocket Guide: Stock Options and Equity Compensation
124,Founder’s Pocket Guide: Term Sheets and Preferred Shares
125,"Free-Range Kids, How to Raise Safe, Self-Reliant Children (Without Going Nuts with Worry)"
126,Game Changers for Government Contractors: Insider Tips and Advice from the Industry’s Top Experts
127,Get Everything Done: And Still Have Time to Play
128,Get Organized: How to Clean Up Your Messy Digital Life
129,"Get Them Gators! A Primer on the Power of Dynamic Equity Splits for Potential Investors, Partners and Employees"
130,Get-It-Done Guy's 9 Steps to Work Less and Do More: Transform Yourself from Overwhelmed to Overachiever (Quick & Dirty Tips)
131,Getting Past No: Negotiating in Difficult Situations
132,Getting Results the Agile Way: A Personal Results System for Work and Life
133,Getting to Yes: Negotiating Agreement Without Giving In
134,Git: Learn Version Control with Git: A step-by-step Ultimate beginners Guide
135,Grit: The Power of Passion and Perseverance
136,Guerrilla Marketing for Consultants: Breakthrough Tactics for Winning Profitable Clients
137,"Guerrilla Marketing for Job Hunters 2.0: 1,001 Unconventional Tips, Tricks and Tactics for Landing Your Dream Job"
138,"Habit Stacking: 127 Small Changes to Improve Your Health, Wealth, and Happiness"
139,Happy: Simple Steps to Get the Most Out of Life
140,Hedge Fund Market Wizards: How Winning Traders Win
141,Hello Web App: Learn How to Build a Web App.
142,Hidden Credit Repair Secrets - Step-by-Step 6 Letter Dispute Plan Included:: Credit Repair Strategies They Don't Want You To Know (Third Edition Book 3)
143,Hooked: How to Build Habit-Forming Products
144,Hope and Help for Your Nerves: End Anxiety Now
145,"How I Made $2,000,000 in the Stock Market"
146,How I Trade and Invest In Stocks and Bonds (Illustrated): Being Some Methods Evolved and Adopted During My Thirty-three Years Experience in Wall Street
147,"How Probate Works: A Guide for Executors, Heirs, and Families"
148,How the World Sees You: Discover Your Highest Value Through the Science of Fascination
149,How to Be a Trustee: Practical Thinking on Settling a Living Trust
150,"How To Be The Puppy Whisperer: Quick & Effective Training Secrets, Specific Nonviolent Caring Methods For Puppies"
151,How to Become a Straight-A Student: The Unconventional Strategies Real College Students Use to Score High While Studying Less
152,How to Buy Real Estate (and Other Cool Stuff) in Your IRA
153,"How to Change Your Mind: What the New Science of Psychedelics Teaches Us About Consciousness, Dying, Addiction, Depression, and Transcendence"
154,"How to Day Trade for a Living: A Beginner's Guide to Trading Tools and Tactics, Money Management, Discipline and Trading Psychology"
155,How to Develop a Brilliant Memory Week by Week: 50 Proven Ways to Enhance Your Memory Skills: 52 Proven Ways to Enhance Your Memory Skills
156,How to Find and Land a Microsoft .NET Development Job
157,How to Instantly Connect with Anyone: 96 All-New Little Tricks for Big Success in Relationships: 96 All-New Little Tricks for Big Success in Business and Social Relationships
158,How to Live on 24 Hours a Day
159,How to make the best coffee at home
160,How to Meet New People: The Ultimate Guide to Meeting New People and Making New Friends
161,How to Stop Sucking and Be Awesome Instead
162,How to Talk So Teens Will Listen and Listen So Teens Will Talk
163,How to Transform Your Ideas into Software Products: A step-by-step guide for validating your ideas and bringing them to life!
164,How to Win Friends and Influence People (With easy click Table of Contents)
165,How To Win Friends And Influence People for Kids (Positive Parenting Book 3)
166,How to Write a KILLER LinkedIn Profile... And 18 Mistakes to Avoid: 2015 Edition (11th Edition)
167,How to Write Descriptions that Sell Used Books on Amazon: Easy Ways to Make More Money Selling Used Books on Amazon with Simple Copywriting Templates (Sell Books Fast Online Book 1)
168,How We Decide
169,"HTML5 for Masterminds, Revised 3rd Edition: How to take advantage of HTML5 to create responsive websites and revolutionary applications"
170,Hummingbirds! Learn About Hummingbirds and Enjoy Colorful Pictures - Look and Learn! (50+ Photos of Hummingbirds)
171,Hyperfocus: How to Manage Your Attention in a World of Distraction
172,In The Money: The Simple Options Strategy That Always Beats the Market
173,Inspired: How To Create Products Customers Love
174,Instant Pot Electric Pressure Cooker Cookbook: Easy Recipes for Fast & Healthy Meals
175,Introducing NLP: Psychological Skills for Understanding and Influencing People (Neuro-Linguistic Programming)
176,Introduction to Networking: How the Internet Works
177,Introduction to the Command Line (Second Edition): The Fat Free Guide to Unix and Linux Commands
178,IoT Inc: How Your Company Can Use the Internet of Things to Win in the Outcome Economy
179,IP Subnetting - From Zero to Guru
180,IP Subnetting made Easy!: A very simple and very clear guide to understanding IP subnetting that won’t leave you pulling your hair out.
181,iPhone 14 Pro Mastery: The Ultimate Guide to Captivating Photography - From Basics to Pro Techniques
182,"Iron Condor Options for Beginners: A Smart, Safe Method to Generate an Extra 25% Per Year with Just 2 Trades Per Month"
183,"It's Not All About Me"": The Top Ten Techniques for Building Quick Rapport with Anyone"""
184,Jesse Livermore's Methods of Trading in Stocks (Illustrated)
185,Kratom: 101 Things You Need To Know About Kratom
186,"Landlording on AutoPilot: A Simple, No-Brainer System for Higher Profits, Less Work and More Fun (Do It All from Your Smartphone or Tablet!)"
187,Learn Python Programming For Beginners: Learn Python Easily - The Ultimate Guide To Get Beginners Coding in Python Instantly: (Python Programming For Beginners)
188,Learn Version Control with Git: A step-by-step course for the complete beginner
189,"Less: Accomplishing More by Doing Less: Do Less, Accomplish More, and Transform Busyness into Composure and Results"
190,Letters from a Stoic: Epistulae Morales AD Lucilium
191,Level Up Your Life: How to Unlock Adventure and Happiness by Becoming the Hero of Your Own Story
192,Lifespan: Why We Age—and Why We Don't Have To
193,Linux Administration: The Linux Operating System and Command Line Guide for Linux Administrators
194,Linux for Beginners: An Introduction to the Linux Operating System and Command Line
195,Living Abroad Successfully: What Where When How
196,LLC: A QuickStart Guide To Limited Liability Companies
197,LLC: Fast and Easy Guide to Forming a Limited Liability Company and Starting a Business the Right Way
198,LLC: Quickstart Beginner's Guide to Limited Liability Companies
199,Logarithms and Exponentials Essential Skills Practice Workbook with Answers (Improve Your Math Fluency)
200,Lost and Founder: A Painfully Honest Field Guide to the Startup World
201,Make $1000+ A Month Selling Used Books Online WITHOUT Amazon: Easy Ways to Make Extra Money With Websites That Pay Cash For Books! (Sell Books Fast Online Book 5)
202,"Manage Your Day-to-Day: Build Your Routine, Find Your Focus, and Sharpen Your Creative Mind (99U)"
203,Manhood: How to Be a Better Man-or Just Live with One
204,"Martial Arts Revealed: Benefits, Problems, and Solutions"
205,Martin Zweig Winning on Wall Street
206,Mass Made Simple
207,Master Your Workday Now: Proven Strategi
208,Mastering the Grain Markets: How Profits Are Really Made
209,Mastery
210,"Math, Better Explained: Learn to Unlock Your Math Intuition"
211,"Me, Myself, and Us: The Science of Personality and the Art of Well-Being"
212,Meditations
213,Men's Health: The Book of Muscle-The World's Most Authoritative Guide to Building Your Body
214,Micro Habits: Simple Micro Habits To Get You Started Small And Finishing Big (High Achievers Book 5)
215,Microsoft Excel for Stock and Option Traders: Build Your Own Analytical Tools for Higher Returns
216,Millie the Cat has Borderline Personality Disorder (What Mental Disorder Book 1)
217,Million Dollar Consulting
218,"Mindhacker: 60 Tips, Tricks, and Games to Take Your Mind to the Next Level"
219,Mindset: The New Psychology of Success
220,"Mini Habits: Smaller Habits, Bigger Results"
221,Minimalist Parenting: Enjoy Modern Family Life More by Doing Less
222,Mining the Web: Discovering Knowledge from Hypertext Data
223,Momentum Investing 2nd Edition
224,MT4/MT5 & Trading View High Probability Forex Trading Method
225,My Financial Toolbox: The Nuts and Bolts of Managing Your Money
226,Networking for Systems Administrators (IT Mastery)
227,"Never Work Again: Work Less, Earn More and Live Your Freedom"
228,"New Trader, Rich Trader: How to Make Money in the Stock Market"
229,NFC For Dummies
230,Nikon D90 For Dummies
231,"Ninja Creami Cookbook 2023: 1500 Days Easy and Tasty Ice Cream, Gelato, Sorbet, Ice Cream Mixins Recipes for Beginners to Master Your New Machine"
232,Nmap 6 Cookbook: The Fat-Free Guide to Network Security Scanning (Fat-Free Technology Guides)
233,No More Dreaded Mondays: Ignite Your Passion - and Other Revolutionary Ways to Discover Your True Calling at Work
234,No-Nonsense Algebra: Part of the Mastering Essential Math Skills Series
235,On the Shortness of Life
236,One Good Trade: Inside the Highly Competitive World of Proprietary Trading (Wiley Trading Book 454)
237,"One Pan, Two Plates: More Than 70 Complete Weeknight Meals for Two"
238,One Up On Wall Street: How To Use What You Already Know To Make Money In
239,Operating Systems: Three Easy Pieces
240,Options for the Beginner and Beyond: Unlock the Opportunities and Minimize the Risks
241,Outlive: The Science and Art of Longevity
242,"Outsmarting the System: Lower Your Taxes, Control Your Future, and Reach Financial Freedom"
243,Overcoming Anxiety For Dummies
244,Overcoming Borderline Personality Disorder: A Family Guide for Healing and Change
245,Paperless Home Organization: How to Create A Digital Home Management Binder
246,"PAY LESS FOR COLLEGE: The Must-Have Guide to Affording Your Degree, 2023 Edition"
247,"Paying for College, 2023: Everything You Need to Maximize Financial Aid and Afford College (College Admissions Guides)"
248,People Skills
249,Performance Tuning with SQL Server Dynamic Management Views
250,Personal Development for Smart People: The Conscious Pursuit of Personal Growth
251,Photographer's Guide to the Sony DSC-RX100
252,"Please Don't Die, But if You Do, What Do I Do Next?: A Practical and Cost Saving Guide for the Estate Executor"
253,"Poor Charlie's Almanack: The Wit and Wisdom of Charles T. Munger, Expanded Third Edition"
254,Positional Option Trading: An Advanced Guide (Wiley Trading)
255,Power BI: A Comprehensive Beginner’s Guide to Learn the Basics of Power BI from A-Z
256,Practical API Design: Confessions of a Java Framework Architect
257,Practical Programming for Strength Training
258,"Predictably Irrational, Revised and Expanded Edition: The Hidden Forces That Shape Our Decisions"
259,Pride and Joy: A Guide to Understanding Your Child's Emotions and Solving Family Problems
260,Pro Git
261,Profiting with Iron Condor Options: Strategies from the Frontline for Trading in Up or Down Markets
262,Put Broken Wing Butterfly Spread: A Simple Options Trading Strategy for Consistent Profits
263,"Python Programming for Beginners: An Introduction to the Python Computer Language and Computer Programming (Python, Python 3, Python Tutorial)"
264,Quantitative Momentum: A Practitioner's Guide to Building a Momentum-Based Stock Selection System (Wiley Finance)
265,Raising Venture Capital for the Serious Entrepreneur
266,Rapt: Attention and the Focused Life
267,"Raspberry Pi: A Comprehensive Beginner's Guide to Setup, Programming(Concepts and techniques) and Developing Cool Raspberry Pi Projects"
268,Ready Aim Fire!: A Practical Guide To Setting And Achieving Goals (Beyond The To Do List Book 1)
269,"Real Skills, Real Income: A Proven Marketing System to Land Well-Paid Freelance and Consulting Work in 30 Days or Less"
270,Real World AI: A Practical Guide for Responsible Machine Learning
271,Redis Programming by Example
272,Reminiscences of a Stock Operator
273,Remote: Office Not Required
274,Rental Property Investing: how to invest in profitable properties to rent and derive maximum profit from them
275,Rescuing Your Teenager from Depression
276,Rework
277,Roscoe Riley Rules #7: Never Race a Runaway Pumpkin
278,Rule #1: The Simple Strategy for Getting Rich--in Only 15 Minutes a Week!
279,Ry's Git Tutorial
280,Sacred Cows: The Truth About Divorce and Marriage
281,"Saving Ourselves from Suicide - Before and After: How to Ask for Help, Recognize Warning Signs, and Navigate Grief"
282,Secrets of Productive People: 50 Techniques To Get Things Done
283,Secrets of Strength
284,Selling Put Options My Way
285,Seneca's Letters from a Stoic
286,"Set Up Your Own IPsec VPN, OpenVPN and WireGuard Server (Build Your Own VPN)"
287,Shell Scripting: How to Automate Command Line Tasks Using Bash Scripting and Shell Programming
288,Short Strap Strangle: A Simple Options Trading Strategy for Consistent Profits
289,Short-Cut Math (Dover Books on Mathematics)
290,Slicing Pie: Fund Your Company Without Funds
291,"Small Move, Big Change: Using Microresolutions to Transform Your Life Permanently"
292,So Good They Can't Ignore You: Why Skills Trump Passion in the Quest for Work You Love
293,"Speak Up, Show Up, and Stand Out: The 9 Communication Rules You Need to Succeed"
294,SQL Queries 2012 Joes 2 Pros Volume1: The SQL Hands-On Guide for Beginners (SQL Exam Prep Series 70-461 Volume 1 of 5)
295,"SQL Queries Joes 2 Pros: SQL Query Techniques For Microsoft SQL Server 2008, Volume 2"
296,SQL the One: Microsoft SQL Server Interview Guide
297,"SQL Wait Stats Joes 2 Pros: SQL Performance Tuning Techniques Using Wait Statistics, Types & Queues"
298,SQL: Simplified SQL Programming & Database Management For Beginners. Your Step-By-Step Guide To Learning The SQL Database (SQL Series)
299,Starting Strength
300,Starting to Unit Test: Not as Hard as You Think
301,Stink and the Great Guinea Pig Express
302,Stink and the Incredible Super-Galactic Jawbreaker
303,Stink: Solar System Superhero
304,Stink: The Incredible Shrinking Kid
305,STOCK MARKET CASH TRIGGER: Learn A Simple Technique That Tells You When To Go To Cash
306,Stocks on the Move: Beating the Market with Hedge Fund Momentum Strategies
307,"Stoicism: The Complete Guide for Beginners to Apply Stoicism to Everyday Life, gain wisdom, confidence and resilience with Philosophy from the Greats…Extreme Mindset and Leadership"
308,Stop Thinking Like a Freelancer: The Evolution of a $1M Web Designer
309,"Stop Unreality: A Guide to Conquering Depersonalization, Derealization, DPD, Anxiety & Depression"
310,Successful Traders Size Their Positions - Why and How?
311,Super Trader: Make Consistent Profits in Good and Bad Markets
312,Talent Is Overrated: What Really Separates World-Class Performers from Everybody Else
313,"Talking to a Loved One with Borderline Personality Disorder: Communication Skills to Manage Intense Emotions, Set Boundaries, and Reduce Conflict"
314,Tasty Latest and Greatest: Everything You Want to Cook Right Now (An Official Tasty Cookbook)
315,Teenage Depression - A CBT Guide for Parents: Help your child beat their low mood
316,The 25 Best Time Management Tools & Techniques: How to Get More Done Without Driving Yourself Crazy
317,"The 4-Hour Body: An Uncommon Guide to Rapid Fat-Loss, Incredible Sex, and Becoming Superhuman"
318,"The 4-Hour Chef: The Simple Path to Cooking Like a Pro, Learning Anything, and Living the Good Life"
319,"The 4-Hour Workweek, Expanded and Updated: Expanded and Updated, With Over 100 New Pages of Cutting-Edge Content."
320,The 7 Essential Habits of Wealthy Real Estate Investors
321,The Accounting Game: Basic Accounting Fresh from the Lemonade Stand
322,The Acquirer's Multiple: How the Billionaire Contrarians of Deep Value Beat the Market
323,The Art of Currency Trading: A Professional's Guide to the Foreign Exchange Market (Wiley Trading)
324,The Art of Learning: An Inner Journey to Optimal Performance
325,The Art of Thinking Clearly
326,The Battle for Investment Survival
327,The Big Book On Borderline Personality Disorder
328,The Big Short: Inside the Doomsday Machine
329,"The Body Fat Solution: Five Principles for Burning Fat, Building Lean Muscle, Ending Emotional Eating, and Maintaining Your Perfect Weight"
330,The Book Of Satoshi: The Collected Writings of Bitcoin Creator Satoshi Nakamoto
331,The Book on Advanced Tax Strategies: Cracking the Code for Savvy Real Estate Investors
332,"The Book on Estimating Rehab Costs: The Investor's Guide to Defining Your Renovation Plan, Building Your Budget, and Knowing Exactly How Much It All Costs"
333,"The Book on Flipping Houses: How to Buy, Rehab, and Resell Residential Properties"
334,"The Book on Managing Rental Properties: A Proven System for Finding, Screening, and Managing Tenants With Fewer Headaches and Maximum Profit"
335,The Cathedral & the Bazaar: Musings on Linux and Open Source by an Accidental Revolutionary
336,The Checklist Manifesto: How to Get Things Right
337,The Choice Effect: Love and Commitment in an Age of Too Many Options
338,The Compelling Proposal: Make it Easy for the Customer to Buy From You!
339,The Complete Book of Home Organization
340,The Complete Ketogenic Diet for Beginners: Your Essential Guide to Living the Keto Lifestyle
341,"The Complete Software Developer's Career Guide: How to Learn Your Next Programming Language, Ace Your Programming Interview, and Land The Coding Job Of Your Dreams"
342,The Coupon Mom's Guide to Cutting Your Grocery Bills in Half: The Strategic Shopping Method Proven to Slash Food and Drugstore Costs
343,"The Daily Stoic: 366 Meditations on Wisdom, Perseverance, and the Art of Living"
344,The Dhandho Investor: The Low-Risk Value Method to High Returns
345,The Docker Book: Containerization is the new virtualization
346,The Doors of Perception (Classics To Go)
347,"The Education of a Value Investor: My Transformative Quest for Wealth, Wisdom, and Enlightenment"
348,The Essential Lower Back Pain Exercise Guide: Treat Low Back Pain at Home in Just Twenty-One Days
349,The Glycemic Index Diet For Dummies
350,"The Google Resume: How to Prepare for a Career and Land a Job at Apple, Microsoft, Google, or any Top Tech Company"
351,The Happiness Equation: Want Nothing + Do Anything = Have Everything
352,The How-To Geek Guide to Windows 8
353,"The Ketogenic Diet for Weight Loss: Why the Ketogenic Diet is the Ultimate Plan to Lose Weight Naturally, Plus the Best Recipes to Maximize Results: (Ketogenic Diet for Beginners, Low Carb Diet)"
354,The Law of Success in Sixteen Lessons (with linked TOC)
355,The Lean Muscle Diet: A Customized Nutrition and Workout Plan--Eat the Foods You Love to Build the Body You Want and Keep It for Life! (Men's Health)
356,The Lean Startup: How Today's Entrepreneurs Use Continuous Innovation to Create Radically Successful Businesses
357,The Low GI Diet Revolution: The Definitive Science-Based Weight Loss Plan (New Glucose Revolutions)
358,The Manual: A Philosopher's Guide to Life
359,"The Master Key System In Twenty-Four Parts With Questionnaire And Glossary, Unabridged Original Edition [Annotated]"
360,The Million-Dollar Financial Services Practice: A Proven System for Becoming a Top Producer
361,The Millionaire Fastlane: Crack the Code to Wealth and Live Rich for a Lifetime
362,"The Morning Routine Blueprint: How to Wake Up Early, Energized and Motivated Everyday"
363,The Most Important Thing Illuminated: Uncommon Sense for the Thoughtful Investor (Columbia Business School Publishing)
364,The Most Important Thing: Uncommon Sense for the Thoughtful Investor (Columbia Business School Publishing)
365,The Motivation Hacker
366,"The Myth of Multitasking: How Doing It All"" Gets Nothing Done: How Doing It All Gets Nothing Done"""
367,The Obstacle Is the Way: The Timeless Art of Turning Trials into Triumph
368,The ONE Thing: The Surprisingly Simple Truth Behind Extraordinary Results
369,The Owner's Manual for the Brain (4th Edition): The Ultimate Guide to Peak Mental Performance at All Ages
370,The Palestine-Israel Conflict: A Basic Introduction
371,"The PARA Method: Simplify, Organize, and Master Your Digital Life"
372,The Parallel Process: Growing Alongside Your Adolescent or Young Adult Child in Treatment
373,The Personal Efficiency Program: How to Stop Feeling Overwhelmed and Win Back Control of Your Work!
374,The Philosophy of Cognitive-Behavioural Therapy (CBT): Stoic Philosophy as Rational and Cognitive Psychotherapy
375,"The Phoenix Project: A Novel about IT, DevOps, and Helping Your Business Win"
376,The Plant-Based Diet Cookbook: 21-Day Meal Plan of Easy Plant-Based Recipes for Weight Loss and Lifelong Health
377,The Power of a Positive No: How to Say No and Still Get to Yes
378,"The Power of Full Engagement: Managing Energy, Not Time, is the Key to High Performance and Personal Renewal"
379,The Power of Habit: Why We Do What We Do in Life and Business
380,The Power of Less: The Fine Art of Limiting Yourself to the Essential...in Business and in Life
381,The Procrastinator’s Guide to Killing Yourself: Living when life feels unliveable
382,"The Psychology of Money: Timeless lessons on wealth, greed, and happiness"
383,The Pyramid Stock Market Investment Guide: A reliable method to make money in the stock market (The Pyramid trading series Book 1)
384,The Real Book of Real Estate
385,The Replublic: The Original Unabridged And Complete Edition (Plato Classics)
386,The Reverse Iron Condor Options Trading Strategy: A Prudent Non-Directional Options Trading Strategy
387,"The Science of Accelerated Learning: Advanced Strategies for Quicker Comprehension, Greater Retention, and Systematic Expertise (Learning how to Learn Book 4)"
388,The Science of Getting Rich: Discover the Secrets to Wealth
389,"The Science of Self-Discipline: The Willpower, Mental Toughness, and Self-Control to Resist Temptation and Achieve Your Goals (Live a Disciplined Life Book 1)"
390,The Self Directed IRA Handbook: An Authoritative Guide For Self Directed Retirement Plan Investors and Their Advisors
391,The Self-Driven Child: The Science and Sense of Giving Your Kids More Control Over Their Lives
392,"The Shredded Chef: 125 Recipes for Building Muscle, Getting Lean, and Staying Healthy (The Thinner Leaner Stronger Series Book 3)"
393,"The Software Engineer's Guide to Freelance Consulting: The new book that encompasses finding and maintaining clients as a software developer, tax and legal tips, and everything in between."
394,The Success System That Never Fails
395,The Successful Investor: What 80 Million People Need to Know to Invest Profitably and Avoid Big Losses
396,The Talent War: How Special Operations and Great Organizations Win on Talent
397,The Time Chunking Method: A 10-Step Action Plan For Increasing Your Productivity (The Art of Personal Success Book 1)
398,The Top 10 Distinctions Between Millionaires and the Middle Class
399,"The Truth: Sex, Love, Commitment, and the Puzzle of the Male Mind"
400,The Wealthy Freelancer: 12 Secrets to a Great Income and an Enviable Lifestyle
401,The Wheel Options Trading Strategy
402,The Windows Command Line Beginner's Guide - Second Edition
403,"The Wisdom of Mike Mentzer: The Art, Science and Philosophy of a Bodybuilding Legend"
404,The Younger Next Year Back Book: The Whole-Body Plan to Conquer Back Pain Forever
405,Theodore Boone: The Accused
406,"Think In Systems: The Theory and Practice of Strategic Planning, Problem Solving, and Creating Lasting Results - Complexity Made Simple"
407,"Thinking, Fast and Slow"
408,Thrive!
409,"TOR: Beginners to Expert Guide to Accessing the Dark Net, TOR Browsing, and Remaining Anonymous Online (deep web, darknet, hacking)"
410,Total Workday Control Using Microsoft Outlook
411,"Trading Forex with Divergence on MT4/MT5 & TradingView: TradingView script now included in the download package (Forex, Forex Trading, Forex Trading Method, ... Trade Divergences, Currency Trading Book 3)"
412,Trading Options at Expiration: Strategies and Models for Winning the Endgame
413,"Trading Realities: The Truth, the Lies, and the Hype In-Between"
414,Trading Within The Box: Early Entry Points for Breakout Traders
415,Trend Trading for a Living: Learn the Skills and Gain the Confidence to Trade for a Living: Learn the Skills and Gain the Confidence to Maximize Your Profits
416,Turning Confusion into Clarity: A Guide to the Foundation Practices of Tibetan Buddhism
417,Uncle Bob's Money: Generating Income with Conservative Options Trades
418,Understanding the Highly Sensitive Child: Seeing an Overwhelming World through Their Eyes (A Nutshell Guide Book 1)
419,Upgraded Chef: 12 Core Recipes to Supercharge Your Body & Brain
420,Vacation Rental Secrets: The Short-Term Rental Industry’s Top Experts Disclose their Biggest Mistakes and Share their Hard-Earned Wisdom
421,Volatility Trading
422,"Wait, What?: And Life's Other Essential Questions"
423,"Wake Up Successful - A Simple Formula To More Money, Time and Freedom"
424,What Every JavaScript Developer Should Know About ECMAScript 2015 (OdeToCode Programming Series Book 2)
425,What Every Web Developer Should Know About HTTP (OdeToCode Programming Series Book 1)
426,Who Gets In and Why: A Year Inside College Admissions
427,Who: The A Method for Hiring
428,Why Is My Teenager Feeling Like This?: A Guide for Helping Teens through Anxiety and Depression
429,"Why We Make Mistakes: How We Look Without Seeing, Forget Things in Seconds, and Are All Pretty Sure We Are Way Above Average"
430,Wicked Cool Vim: (Vi Improved)
431,Willpower: Rediscovering the Greatest Human Strength
432,Working Effectively with Legacy Code: WORK EFFECT LEG CODE _p1 (Robert C. Martin Series)
433,Writing An Interpreter In Go
434,Writing to Learn: How to Write - and Think - Clearly About Any Subject at All
435,"You Can Still Make It In The Market by Nicolas Darvas (the author of How I Made $2,000,000 In The Stock Market)"
436,You're Perfect. and Other Lies Parents Tell
437,Your Money or Your Life: 9 Steps to Transforming Your Relationship with Money and Achieving Financial Independence: Revised and Updated for the 21st Century
438,Your Teenager Is Not Crazy: Understanding Your Teen's Brain Can Make You a Better Parent